instructor_name,first_seen_term,last_seen_term
Aamil Shaik,Winter/Spring 2025,Winter/Spring 2026
Aaron Arias,Summer 2024,Summer 2024
Aaron Fullman,Intersession/Spring 2023,Fall 2024
Aaron Kelly,Fall 2024,Fall 2024
Aaron Volkoff,Winter/Spring 2026,Fall 2026
Abbas Hosseini Qanatqazi,Fall 2025,Fall 2026
Abel Garcia,Fall 2026,Fall 2026
Adam Moore,Intersession/Spring 2023,Fall 2026
Adam Pettit,Intersession/Spring 2023,Fall 2026
Adam Tuliper,Intersession/Spring 2023,Fall 2024
Adrienne Merlo,Summer 2023,Fall 2026
Agatha Ibranossian,Intersession/Spring 2023,Fall 2026
Aisha Bourouis-Benyassine,Intersession/Spring 2023,Fall 2026
Akemi Kagawa,Intersession/Spring 2023,Fall 2026
Al Cervantes,Intersession/Spring 2023,Winter/Spring 2026
Alan Aquallo,Winter/Spring 2026,Fall 2026
Alan Lovegreen,Intersession/Spring 2023,Fall 2026
Alborz Jelvani,Winter/Spring 2026,Fall 2026
Alex Bilbao,Winter/Spring 2025,Summer 2026
Alex Fitch,Intersession/Spring 2024,Summer 2026
Alex Meyer,Fall 2025,Fall 2026
Alex Reyes-Gonzalez,Winter/Spring 2025,Fall 2026
Alexander Vaucher,Intersession/Spring 2023,Fall 2026
Alexandra Do,Intersession/Spring 2023,Fall 2024
Alexandra Yates,Intersession/Spring 2023,Fall 2026
Ali Flecky,Intersession/Spring 2023,Fall 2026
Ali Muelas,Intersession/Spring 2023,Intersession/Spring 2023
Alice Burger,Intersession/Spring 2023,Fall 2023
Alisa Ochoa,Fall 2025,Winter/Spring 2026
Alison Bravenec,Fall 2026,Fall 2026
Alison Riggio,Intersession/Spring 2023,Fall 2026
Alissa Duong,Intersession/Spring 2023,Summer 2023
Alix Ziff,Intersession/Spring 2023,Fall 2026
Allie Harrison,Fall 2025,Fall 2026
Allissa Blystone,Intersession/Spring 2023,Fall 2026
Amanda Campbell,Fall 2023,Fall 2024
Amanda Riggle,Fall 2025,Fall 2025
Amber Gress,Fall 2024,Fall 2024
Amber McCarthy,Intersession/Spring 2023,Intersession/Spring 2023
Amelie Hunter,Intersession/Spring 2023,Winter/Spring 2026
Amirfarshad Bahrehbakhsh,Intersession/Spring 2023,Winter/Spring 2025
Amra Pepic Koubati,Fall 2023,Fall 2026
Amy Douma,Intersession/Spring 2023,Fall 2023
Amy Hellman,Intersession/Spring 2023,Fall 2026
Amy Kaeser,Intersession/Spring 2023,Winter/Spring 2026
Amy Taxin,Fall 2026,Fall 2026
Amy Wilson,Intersession/Spring 2023,Fall 2026
Amythyst Fritzler,Intersession/Spring 2023,Fall 2026
Andrew Carrera,Fall 2025,Winter/Spring 2026
Andrew Dzida,Intersession/Spring 2023,Intersession/Spring 2023
Andrew Koines,Intersession/Spring 2023,Fall 2026
Andy Stuart,Intersession/Spring 2023,Fall 2025
Andy Wu,Fall 2026,Fall 2026
Angela Plunkett,Intersession/Spring 2023,Fall 2026
Angelika Nemeth,Intersession/Spring 2023,Winter/Spring 2026
Angelina Komatovich,Intersession/Spring 2023,Fall 2026
Angelo Esposito,Intersession/Spring 2024,Winter/Spring 2026
Anh-Tuan Le,Fall 2025,Winter/Spring 2026
Anita Tapia,Intersession/Spring 2023,Winter/Spring 2025
Ann Boutilier,Intersession/Spring 2023,Winter/Spring 2026
Ann Marie Williams,Intersession/Spring 2023,Fall 2026
Ann Pham,Intersession/Spring 2023,Fall 2026
Anna Hanlon,Intersession/Spring 2023,Fall 2026
Anne Walsh,Intersession/Spring 2023,Fall 2026
Anthony Iacopetti,Intersession/Spring 2023,Fall 2026
Anthony Luong,Fall 2023,Fall 2024
Anthony Muljat,Fall 2025,Fall 2026
Anthony Silva,Intersession/Spring 2023,Fall 2026
Anton Butenko,Fall 2023,Fall 2026
April Roberson,Winter/Spring 2025,Fall 2026
April Thompson,Fall 2023,Fall 2026
Arabian Morgan,Intersession/Spring 2023,Fall 2026
Aristi Anagnos,Intersession/Spring 2023,Fall 2026
Arleen Palafox,Fall 2024,Fall 2026
Arlene Vargas,Fall 2023,Fall 2026
Arlete Bevilaqua,Intersession/Spring 2023,Fall 2026
Arnold Guerra III,Intersession/Spring 2023,Fall 2026
Arthur Moore,Intersession/Spring 2023,Fall 2026
Ashelyn Wagner,Fall 2025,Fall 2025
Ashley McKeachie,Intersession/Spring 2023,Winter/Spring 2025
Ashley Miller,Fall 2024,Fall 2026
Ashley Yniguez,Fall 2026,Fall 2026
Asif Razee,Winter/Spring 2025,Winter/Spring 2025
Azindokht Mofazzali,Intersession/Spring 2023,Intersession/Spring 2024
Barbara Cooper,Intersession/Spring 2023,Intersession/Spring 2023
Beatriz Jaramillo,Fall 2025,Fall 2026
Behnaz Razavi,Intersession/Spring 2023,Winter/Spring 2026
Behrad Khodadad Koucheki,Fall 2023,Fall 2025
Ben Lohman,Intersession/Spring 2023,Fall 2026
Benjamin Soto,Intersession/Spring 2023,Winter/Spring 2026
Benyamin Allahgholizadeh Haghi,Fall 2025,Fall 2025
Beth Hansen,Intersession/Spring 2023,Fall 2026
Bethany Kraemer,Intersession/Spring 2023,Fall 2026
Bill Black,Intersession/Spring 2023,Fall 2026
Billy Wong,Intersession/Spring 2023,Fall 2026
Blade Gillissen,Intersession/Spring 2023,Fall 2026
Blair Havens,Summer 2026,Fall 2026
Blake Longfellow,Intersession/Spring 2024,Winter/Spring 2026
Bob Allen,Intersession/Spring 2023,Fall 2026
Bob Shelton,Winter/Spring 2026,Summer 2026
Bodie Newcomb,Fall 2024,Fall 2026
Bradley Lucier,Intersession/Spring 2023,Winter/Spring 2026
Brande Dunn,Intersession/Spring 2023,Fall 2026
Brenda Carrion,Intersession/Spring 2023,Fall 2026
Brendan O Reilly,Fall 2024,Fall 2026
Brendon Kirby,Intersession/Spring 2024,Fall 2026
Brenna Jones,Intersession/Spring 2023,Fall 2026
Brent Rudmann,Intersession/Spring 2023,Fall 2026
Brian Beichner,Intersession/Spring 2023,Fall 2026
Brian Clough,Intersession/Spring 2023,Fall 2026
Brian Nguyen,Intersession/Spring 2024,Intersession/Spring 2024
Brian Shields,Intersession/Spring 2023,Fall 2026
Brittanee Roberts,Intersession/Spring 2023,Fall 2026
Brittany Ingersoll,Intersession/Spring 2023,Fall 2026
Brooke Newman,Intersession/Spring 2024,Fall 2026
Caitlin Drees,Winter/Spring 2025,Fall 2026
Caitlin Sites,Intersession/Spring 2023,Fall 2026
Caitlin Tiffany,Fall 2026,Fall 2026
Caitlyn Anselmo,Intersession/Spring 2023,Intersession/Spring 2024
Cameron Brown,Intersession/Spring 2023,Fall 2026
Cameron Guild,Fall 2024,Winter/Spring 2026
Camila Smith,Intersession/Spring 2023,Fall 2026
Candy Pettus,Intersession/Spring 2023,Fall 2026
Cannon Vogel,Intersession/Spring 2024,Intersession/Spring 2024
Cara Bowers,Intersession/Spring 2023,Fall 2024
Cara Sharp,Intersession/Spring 2023,Fall 2026
Carla Cook,Winter/Spring 2025,Fall 2026
Carlos Silva,Intersession/Spring 2023,Fall 2026
Carly Gonzalez,Intersession/Spring 2023,Fall 2026
Carly Shaw,Fall 2025,Fall 2025
Carol Basile,Intersession/Spring 2023,Intersession/Spring 2024
Carol Park,Fall 2023,Fall 2026
carol Schachat,Intersession/Spring 2023,Intersession/Spring 2024
Carrie Frizzell,Fall 2026,Fall 2026
Carrie Moore,Intersession/Spring 2023,Fall 2026
Carrie Ohm,Fall 2026,Fall 2026
Caryn Plum,Fall 2023,Fall 2025
Catherine Moore,Intersession/Spring 2023,Fall 2025
Chantale Grandmont,Fall 2024,Fall 2024
Charlene Newman,Intersession/Spring 2023,Fall 2026
Charlene Reed,Intersession/Spring 2023,Fall 2026
Charles Otwell,Intersession/Spring 2023,Winter/Spring 2025
Chauncey Bayes,Intersession/Spring 2023,Fall 2024
Chelsea Mosher,Fall 2023,Fall 2026
Cherryl Baker,Intersession/Spring 2023,Intersession/Spring 2024
Cheryl Bucholtz-Magallon,Intersession/Spring 2023,Intersession/Spring 2023
Cheryl Ceralde-Elson,Intersession/Spring 2023,Fall 2024
Cheryl Cotman,Intersession/Spring 2023,Fall 2026
Chih Lew,Intersession/Spring 2023,Fall 2026
Chimin Lin,Intersession/Spring 2023,Fall 2026
Chris Berg,Intersession/Spring 2023,Fall 2026
Chris Kerins,Intersession/Spring 2023,Fall 2026
Chris Ketcham,Intersession/Spring 2023,Fall 2026
Chris Killer,Fall 2025,Fall 2026
Chris Nielsen,Intersession/Spring 2023,Fall 2026
Chris Quinn,Intersession/Spring 2023,Fall 2026
Christiaan Pipion,Intersession/Spring 2023,Summer 2023
Christian Bartlett,Fall 2023,Fall 2024
Christina Montano,Intersession/Spring 2023,Fall 2026
Christina Nguyen,Intersession/Spring 2023,Fall 2026
Christine Marcin,Fall 2023,Fall 2023
Christine Obnial,Intersession/Spring 2023,Fall 2026
Christine Peter,Fall 2024,Fall 2026
Christopher DeSurra,Intersession/Spring 2023,Fall 2026
Christopher Evans,Intersession/Spring 2023,Summer 2026
Christopher Hirunthanakorn,Fall 2023,Fall 2026
Christopher Shogren,Fall 2025,Winter/Spring 2026
Christy Arakaki,Intersession/Spring 2023,Fall 2026
Christy Brown,Winter/Spring 2026,Winter/Spring 2026
Chuck Cutenese,Intersession/Spring 2023,Fall 2025
Chuck Limsakoune,Intersession/Spring 2023,Fall 2026
Cianna Calandrino,Intersession/Spring 2023,Fall 2026
Cindi Reber-Bonhall,Intersession/Spring 2023,Fall 2026
Cindy Nguyen,Intersession/Spring 2023,Fall 2026
Clarence Lloyd,Fall 2025,Fall 2026
Clarence Stanback,Intersession/Spring 2023,Fall 2026
Clemente Reyes Rodriguez,Fall 2024,Fall 2026
Cody Johnston,Intersession/Spring 2023,Intersession/Spring 2023
Colleen Kerrigan,Intersession/Spring 2024,Winter/Spring 2025
Cora Volkoff,Intersession/Spring 2023,Fall 2026
Cory Adams,Fall 2025,Fall 2026
Courtney Anderson,Intersession/Spring 2023,Fall 2026
Courtney Foster,Winter/Spring 2025,Winter/Spring 2026
Courtney Smith,Intersession/Spring 2023,Fall 2026
Courtney Tarango,Intersession/Spring 2023,Fall 2026
Craig Becker,Fall 2025,Fall 2025
Craig Breit,Intersession/Spring 2023,Fall 2026
Cristina Khadivi,Fall 2026,Fall 2026
Cristina Marin,Fall 2025,Fall 2026
Cristofer Fanego,Intersession/Spring 2023,Fall 2026
Crystal Martinez,Fall 2026,Fall 2026
Crystal Shomph,Fall 2025,Fall 2025
Cyndee Ely,Intersession/Spring 2023,Fall 2026
Cyndy Garcia,Fall 2023,Fall 2025
Cynthia Corley,Intersession/Spring 2023,Fall 2026
Cynthia Murillo,Summer 2026,Summer 2026
Cynthia Voss,Fall 2023,Summer 2026
Dai Nguyen,Intersession/Spring 2023,Fall 2026
Dakota Noot,Intersession/Spring 2023,Fall 2026
Damian Tsutsumida,Intersession/Spring 2023,Fall 2026
Damon Casarez,Winter/Spring 2026,Winter/Spring 2026
Dana Attebery,Fall 2026,Fall 2026
Dana Doyle,Intersession/Spring 2023,Fall 2026
Dana Wheaton,Intersession/Spring 2023,Fall 2026
Daniel Goya-Lane,Intersession/Spring 2023,Winter/Spring 2025
Daniel Hoang,Winter/Spring 2026,Fall 2026
Daniel Kreun,Intersession/Spring 2023,Fall 2026
Daniel Kuo,Intersession/Spring 2023,Fall 2026
Daniel Matulis,Intersession/Spring 2023,Fall 2026
Daniel Nielsen,Intersession/Spring 2023,Fall 2026
Danielle Genzel,Intersession/Spring 2023,Intersession/Spring 2024
Danielle Scane,Intersession/Spring 2023,Fall 2026
Darcie Kass,Intersession/Spring 2023,Fall 2026
Darin Dunn,Intersession/Spring 2024,Fall 2026
Dario Resendiz,Fall 2025,Fall 2026
Darrell Urbien,Intersession/Spring 2023,Winter/Spring 2026
Dave McClure,Intersession/Spring 2023,Fall 2026
David Appel,Intersession/Spring 2023,Fall 2026
David Giordano,Intersession/Spring 2023,Fall 2026
David McMahan,Intersession/Spring 2023,Fall 2026
David Molinaro,Fall 2026,Fall 2026
David Murdy,Intersession/Spring 2023,Fall 2026
David Okonyan,Intersession/Spring 2023,Fall 2026
David Plisco,Intersession/Spring 2023,Fall 2026
David Scaglione,Intersession/Spring 2023,Intersession/Spring 2024
David Shieh,Fall 2023,Winter/Spring 2025
Davina Dunner,Intersession/Spring 2023,Fall 2026
Dean Abernathy,Intersession/Spring 2023,Fall 2026
Debbie Bux-Hurwitz,Intersession/Spring 2023,Fall 2026
Debbie Dunne,Intersession/Spring 2023,Fall 2026
Debbie Raskin,Intersession/Spring 2023,Fall 2026
Deborah Frohman,Intersession/Spring 2023,Fall 2024
Delyer Coffman,Winter/Spring 2025,Fall 2026
Denise Cabanel-Bleuer,Intersession/Spring 2023,Fall 2026
Denise Dorsheimer,Fall 2023,Fall 2025
Dennis Anderson,Intersession/Spring 2023,Fall 2024
Dennis Morgan,Intersession/Spring 2023,Winter/Spring 2025
Derek Boyer,Intersession/Spring 2023,Fall 2026
Derek Bryant,Fall 2024,Fall 2026
Derek Honkawa,Winter/Spring 2026,Fall 2026
Derrick Fernando,Intersession/Spring 2023,Fall 2023
Devan Upchurch,Intersession/Spring 2023,Fall 2026
Devyn Hartnett,Intersession/Spring 2023,Fall 2026
Diane Balding,Intersession/Spring 2023,Fall 2026
Diane Brown,Intersession/Spring 2023,Fall 2026
diane Colvin,Intersession/Spring 2023,Intersession/Spring 2024
Dianna Stifter,Intersession/Spring 2023,Fall 2026
Dmitry Koudymov,Intersession/Spring 2023,Fall 2026
Dominick Digiacomo,Intersession/Spring 2023,Fall 2026
Don Jergler,Fall 2026,Fall 2026
Don Johnston,Intersession/Spring 2023,Winter/Spring 2026
Don Kimball,Intersession/Spring 2023,Winter/Spring 2026
Don Lee,Fall 2023,Fall 2026
Donna Dickens,Intersession/Spring 2023,Fall 2026
Donna Place,Summer 2024,Summer 2026
Donovan Gaytan,Intersession/Spring 2023,Intersession/Spring 2024
Doris Rivera,Intersession/Spring 2023,Intersession/Spring 2023
Doug Cole,Intersession/Spring 2023,Fall 2026
Douglas Dickson,Fall 2025,Fall 2026
Douglas Hong,Fall 2023,Fall 2026
Douglas Johnson,Intersession/Spring 2023,Fall 2026
Douglas Lloyd,Intersession/Spring 2023,Fall 2026
Dr. Jean Dupon,Intersession/Spring 2023,Intersession/Spring 2023
Dr. Tanya Hoerer,Fall 2023,Winter/Spring 2026
Drea Tomlinson,Fall 2026,Fall 2026
Dustan Baker,Fall 2024,Fall 2026
Dustin Hopkins,Intersession/Spring 2023,Fall 2026
Eamonn Swiftfox,Intersession/Spring 2024,Intersession/Spring 2024
Eduardo Aispuro,Intersession/Spring 2023,Fall 2026
Eduardo Turcios,Winter/Spring 2026,Winter/Spring 2026
Edward Ceballos,Fall 2024,Fall 2026
Edward Chen,Intersession/Spring 2023,Intersession/Spring 2023
Edward Gomez,Intersession/Spring 2023,Fall 2026
Edward Pineda-Castro,Summer 2023,Summer 2023
Eileen Tom,Intersession/Spring 2023,Fall 2026
Elise Laws,Summer 2024,Summer 2024
Eliza Rubenstein,Intersession/Spring 2023,Fall 2026
Elizabeth Barton,Fall 2023,Fall 2026
Elizabeth Blake,Intersession/Spring 2023,Fall 2026
Elizabeth Chen,Intersession/Spring 2023,Fall 2026
Elizabeth Mendoza,Fall 2024,Fall 2026
Ellen Bistline,Intersession/Spring 2023,Fall 2026
Emily Chapman,Fall 2024,Fall 2026
Emily DeCremer,Intersession/Spring 2023,Winter/Spring 2026
Emily Hung,Intersession/Spring 2023,Fall 2026
Emma La Mer,Intersession/Spring 2023,Intersession/Spring 2023
Emma Spies,Fall 2024,Winter/Spring 2026
Eric Anderson,Winter/Spring 2026,Fall 2026
Eric Budwig,Intersession/Spring 2023,Fall 2026
Eric Cohen,Intersession/Spring 2023,Fall 2026
Eric Cuellar,Intersession/Spring 2023,Fall 2026
Eric Stenderup,Fall 2025,Winter/Spring 2026
Eric Wilson,Fall 2024,Fall 2026
Erica Burgos,Fall 2024,Fall 2024
Erik Bender,Intersession/Spring 2023,Fall 2026
Erik Forssell,Intersession/Spring 2023,Fall 2026
Erik Rangno,Intersession/Spring 2023,Fall 2026
Erin Gratz,Intersession/Spring 2023,Fall 2026
Erin Walsh,Intersession/Spring 2023,Fall 2026
Esmeralda Godoy,Intersession/Spring 2024,Fall 2026
Evan Cain,Summer 2025,Fall 2026
Eve Luckring,Intersession/Spring 2023,Winter/Spring 2025
Faith Brinnon,Fall 2024,Fall 2025
Farimah Fazeli,Intersession/Spring 2023,Fall 2026
Felicia Coco,Intersession/Spring 2023,Fall 2026
Felipe Salazar,Intersession/Spring 2023,Fall 2026
Felix Lamorena Jr,Fall 2023,Intersession/Spring 2024
Flavia Ruzi,Intersession/Spring 2023,Winter/Spring 2026
Foster Van Deventer,Intersession/Spring 2024,Fall 2026
Franca Hamber,Intersession/Spring 2023,Fall 2026
Francis Mensah,Intersession/Spring 2023,Fall 2026
Francisco Najera,Intersession/Spring 2023,Fall 2026
Frank Andrade,Intersession/Spring 2023,Intersession/Spring 2023
Frank Meola,Intersession/Spring 2023,Fall 2026
Franz Kuzay,Intersession/Spring 2023,Winter/Spring 2026
Fred Judd,Intersession/Spring 2023,Fall 2026
Gabriel Paez,Intersession/Spring 2023,Fall 2026
Gabriela Ernsberger,Intersession/Spring 2023,Fall 2026
Gabriela Serna,Intersession/Spring 2023,Fall 2026
Gary Hickman,Intersession/Spring 2023,Winter/Spring 2025
Gary Hoffman,Intersession/Spring 2023,Winter/Spring 2026
Genevieve Zuidervaart,Intersession/Spring 2023,Fall 2026
Georgia Halkia,Intersession/Spring 2023,Fall 2026
Geza Futo Tendai,Intersession/Spring 2023,Winter/Spring 2026
Gia Moody,Intersession/Spring 2023,Intersession/Spring 2023
Gia-Thu Pham,Fall 2025,Fall 2026
Glenn Strachan,Intersession/Spring 2023,Winter/Spring 2026
Glynis Hoffman,Intersession/Spring 2023,Winter/Spring 2026
Greg Gardiner,Intersession/Spring 2023,Intersession/Spring 2024
Gretchen Potts,Intersession/Spring 2023,Fall 2026
Griffin Runnels,Fall 2025,Fall 2026
Guido Sendowsky,Intersession/Spring 2023,Fall 2026
Gustavo Arellano,Intersession/Spring 2023,Fall 2024
Halleh Nia,Intersession/Spring 2023,Fall 2026
Hana Schiff,Intersession/Spring 2024,Winter/Spring 2026
Hanieh Novinrad,Fall 2023,Fall 2024
Hannah Haghighat,Intersession/Spring 2023,Fall 2026
Hannah Kang,Intersession/Spring 2023,Fall 2026
Hatice Aydin,Intersession/Spring 2023,Fall 2026
Heather Gutierrez,Fall 2024,Fall 2026
Heather Moeck,Intersession/Spring 2023,Fall 2026
Heather Moreno,Intersession/Spring 2023,Fall 2026
Heather Pecora,Intersession/Spring 2023,Fall 2026
Heather Roberts,Winter/Spring 2026,Fall 2026
Heather Tosta,Winter/Spring 2025,Fall 2026
Heidi Kandybina,Fall 2025,Fall 2025
Helen Maughan,Intersession/Spring 2023,Fall 2026
Henry Nguyen,Summer 2026,Fall 2026
Hiroko Hojo,Intersession/Spring 2023,Winter/Spring 2026
hiroshi Clark,Fall 2023,Fall 2026
Ho Lee,Intersession/Spring 2023,Fall 2026
Holly Scheall-Mehling,Fall 2023,Intersession/Spring 2024
Holly Topping,Intersession/Spring 2023,Fall 2026
Huy Nguyen,Intersession/Spring 2023,Fall 2026
Huyvu Phan,Summer 2023,Fall 2026
Ian Noonan,Fall 2024,Fall 2026
Ignacio Rivera Cuesta,Fall 2026,Fall 2026
Ingy Mohamed,Fall 2023,Fall 2026
Irene Naesse,Fall 2023,Fall 2026
Irving Chavez Jimenez,Intersession/Spring 2023,Fall 2026
Isis Huang,Fall 2026,Fall 2026
Isobel Civen,Fall 2023,Fall 2026
Ivette Merced Rudolph,Fall 2025,Fall 2026
Ivon Saldana,Fall 2026,Fall 2026
Ivy Truong,Fall 2024,Fall 2024
Jack Hoffman,Intersession/Spring 2023,Intersession/Spring 2024
Jack Rogers,Intersession/Spring 2024,Summer 2025
Jackie Strobel,Intersession/Spring 2023,Winter/Spring 2026
Jacob Riddle,Intersession/Spring 2023,Fall 2026
Jacqueline Larson,Intersession/Spring 2023,Winter/Spring 2026
Jacquelyn Duley,Fall 2023,Intersession/Spring 2024
Jade Nguyen,Intersession/Spring 2023,Fall 2026
Jaime Gomez,Intersession/Spring 2023,Fall 2026
Jaime Speed,Intersession/Spring 2023,Summer 2026
Jakob Meighen,Winter/Spring 2026,Winter/Spring 2026
Jamaal Lee,Summer 2026,Summer 2026
James Carver,Fall 2025,Fall 2025
James Galindo,Intersession/Spring 2023,Fall 2026
James Kelly,Intersession/Spring 2023,Fall 2026
James Lawson,Fall 2023,Fall 2023
James Ross,Intersession/Spring 2023,Fall 2026
James Smolin,Intersession/Spring 2023,Intersession/Spring 2024
James Spencer,Intersession/Spring 2023,Fall 2024
Jamie Bunch,Fall 2026,Fall 2026
Jamie Hitchings,Intersession/Spring 2023,Fall 2026
Jamie Solorsa,Intersession/Spring 2023,Summer 2026
Jamieson Price,Fall 2024,Fall 2026
Jan Goerrissen,Intersession/Spring 2023,Fall 2026
Janalee Tabayoyong,Fall 2024,Fall 2024
Janelle Kim,Intersession/Spring 2023,Fall 2026
Janet Baker,Intersession/Spring 2023,Fall 2026
January Van Leeuwen,Intersession/Spring 2023,Fall 2024
Jared Baker,Intersession/Spring 2023,Fall 2024
Jared Harrington,Intersession/Spring 2023,Fall 2026
Jared Nelson,Winter/Spring 2026,Fall 2026
Jared Vidal,Intersession/Spring 2023,Fall 2026
Jarren Gonzales,Intersession/Spring 2023,Fall 2026
Jarvis Johnson,Intersession/Spring 2023,Winter/Spring 2026
Jason Ball,Intersession/Spring 2023,Fall 2026
Jeanette Ellis,Intersession/Spring 2023,Winter/Spring 2025
Jeanette Grimm,Intersession/Spring 2023,Intersession/Spring 2023
Jeanette Pattison,Fall 2023,Fall 2026
Jeanne Neil,Intersession/Spring 2023,Winter/Spring 2026
Jee-Eun Oh,Intersession/Spring 2024,Fall 2026
Jeff Armstrong,Intersession/Spring 2023,Fall 2026
Jeff Mayor,Intersession/Spring 2023,Fall 2026
Jeff Netzer,Intersession/Spring 2023,Fall 2026
Jeff Trujillo,Fall 2026,Fall 2026
jeffery brown Brown,Intersession/Spring 2023,Fall 2026
Jenifer Montgomery,Fall 2025,Fall 2025
Jennica Mendiola,Fall 2026,Fall 2026
Jennifer Elias,Intersession/Spring 2023,Fall 2026
Jennifer Grootegoed,Summer 2026,Fall 2026
Jennifer Peters,Intersession/Spring 2023,Fall 2026
Jennifer Phelps,Intersession/Spring 2023,Fall 2026
Jennifer Rafferty,Intersession/Spring 2023,Fall 2026
Jennifer Savage,Intersession/Spring 2023,Fall 2026
Jennifer Sharma,Fall 2024,Fall 2026
Jennifer Williams,Intersession/Spring 2023,Fall 2026
Jennifer Woodson,Fall 2026,Fall 2026
Jenny Chaiyakal,Intersession/Spring 2023,Fall 2026
Jeremy Aluma,Intersession/Spring 2024,Fall 2025
Jeremy Khalaf,Fall 2023,Fall 2023
Jeremy Shermak,Intersession/Spring 2023,Intersession/Spring 2023
Jeremy Zitter,Intersession/Spring 2023,Fall 2026
Jerome Fang,Intersession/Spring 2023,Fall 2026
Jerry Law,Intersession/Spring 2023,Fall 2026
Jessica Asbell,Intersession/Spring 2023,Fall 2026
Jessica Christian,Intersession/Spring 2023,Fall 2026
Jessica Gonzalez,Intersession/Spring 2023,Fall 2026
Jessica Haile,Fall 2025,Fall 2026
Jessica Kemp,Fall 2025,Fall 2026
Jessica-Ayo Alabi,Intersession/Spring 2023,Fall 2026
Jessie McCraw,Fall 2026,Fall 2026
Jill Parsell,Fall 2023,Fall 2026
Jillian Yudin,Winter/Spring 2025,Fall 2026
Jim Watkins,Winter/Spring 2025,Fall 2026
Jimmy Kirby,Intersession/Spring 2024,Intersession/Spring 2024
Jimmy Nguyen,Intersession/Spring 2023,Fall 2026
Jingfang Satow,Intersession/Spring 2023,Fall 2026
Jocelyn Sherman Falcioni,Intersession/Spring 2023,Fall 2026
Jodie Legaspi,Intersession/Spring 2023,Fall 2026
Joel Beers,Fall 2023,Intersession/Spring 2024
Joel Gonzalez,Intersession/Spring 2023,Fall 2026
Joel Jones,Intersession/Spring 2023,Fall 2026
John Bell III,Intersession/Spring 2023,Fall 2026
John Braunstein,Winter/Spring 2026,Winter/Spring 2026
John Carter,Intersession/Spring 2023,Fall 2026
John Congleton,Intersession/Spring 2023,Fall 2026
John Davis,Fall 2023,Winter/Spring 2026
John Eberts,Fall 2024,Fall 2026
John Hall,Intersession/Spring 2023,Fall 2026
John Hazen,Fall 2023,Fall 2024
John Hesketh,Intersession/Spring 2024,Intersession/Spring 2024
John Maxwell,Intersession/Spring 2023,Fall 2026
John Merlo,Intersession/Spring 2023,Fall 2026
John Radosevich,Intersession/Spring 2023,Fall 2026
John Secor,Intersession/Spring 2023,Fall 2026
Jon Boomgarden,Intersession/Spring 2023,Winter/Spring 2026
Jon Measures,Intersession/Spring 2023,Fall 2026
Jon Mochizuki,Intersession/Spring 2023,Fall 2026
Jonathan Fletcher,Intersession/Spring 2023,Winter/Spring 2026
Jonathan Harris,Fall 2024,Fall 2026
Jonathan Kikawa,Intersession/Spring 2023,Fall 2026
Jordan Kay,Fall 2023,Fall 2023
Jordan Stanton,Intersession/Spring 2023,Fall 2026
Jordyn Watters,Winter/Spring 2026,Winter/Spring 2026
Jorge Guerra,Intersession/Spring 2023,Winter/Spring 2026
Jose Costas,Intersession/Spring 2023,Fall 2025
Jose Flores Nava,Intersession/Spring 2024,Intersession/Spring 2024
Jose Garcia,Fall 2026,Fall 2026
Jose Zamora,Winter/Spring 2025,Fall 2026
Joseph Ninh,Intersession/Spring 2023,Fall 2026
Joseph Sarafian,Intersession/Spring 2023,Fall 2026
Joseph Stead,Intersession/Spring 2023,Intersession/Spring 2024
Joshua Wood,Intersession/Spring 2023,Fall 2026
Joy Fire Brenneman,Intersession/Spring 2023,Intersession/Spring 2023
Juan Fernandez,Intersession/Spring 2024,Fall 2026
Juan Torres Toral,Fall 2024,Fall 2026
Judy Lee,Intersession/Spring 2023,Fall 2026
Julia Ruiz,Fall 2026,Fall 2026
Julian Camacho,Fall 2026,Fall 2026
Julie Hernandez,Intersession/Spring 2023,Winter/Spring 2026
Julie Tran,Winter/Spring 2026,Fall 2026
Julie Wells,Intersession/Spring 2023,Fall 2026
Justin Evans,Winter/Spring 2025,Fall 2026
Justin Jang,Intersession/Spring 2023,Fall 2026
Justin Rife,Fall 2026,Fall 2026
Kaoru Lee,Intersession/Spring 2023,Fall 2026
Kara Jones,Intersession/Spring 2023,Fall 2026
Karen Baker,Intersession/Spring 2023,Fall 2026
Karen Felts,Intersession/Spring 2023,Fall 2026
Karen Klammer,Intersession/Spring 2023,Fall 2026
Karen Prioleau,Intersession/Spring 2023,Fall 2025
Karen Robinson,Intersession/Spring 2023,Fall 2026
Karissa Lovero,Intersession/Spring 2023,Fall 2026
Karl Henderson,Intersession/Spring 2023,Fall 2026
Karl Stickel,Intersession/Spring 2023,Fall 2026
Kasara Heneks,Intersession/Spring 2023,Fall 2026
Kassia Curl,Fall 2026,Fall 2026
Kate McCarroll,Intersession/Spring 2023,Fall 2026
Kate Ozbirn,Intersession/Spring 2023,Intersession/Spring 2023
Katelyn Finley,Intersession/Spring 2023,Winter/Spring 2025
Katherine Collette,Fall 2023,Fall 2026
Katherine Hectus,Intersession/Spring 2023,Intersession/Spring 2024
Katherine Posada,Fall 2026,Fall 2026
Katherine Russ,Fall 2024,Winter/Spring 2025
Katherine Sheehan Sheehan,Intersession/Spring 2023,Fall 2026
Kathryn Dyer,Intersession/Spring 2023,Intersession/Spring 2024
Kathy McCarrell,Intersession/Spring 2023,Fall 2025
Katie Conner,Intersession/Spring 2023,Fall 2026
Katie Ottoson,Intersession/Spring 2023,Fall 2026
Katie Zeoli,Intersession/Spring 2023,Fall 2026
Katrina Campbell,Winter/Spring 2026,Summer 2026
Kaveh Bahraini,Intersession/Spring 2023,Fall 2026
Kayla Arbor,Intersession/Spring 2023,Fall 2026
Kayla LaBounty,Fall 2023,Winter/Spring 2026
Kayleigh Sevi,Intersession/Spring 2023,Fall 2026
Keith Krallman,Intersession/Spring 2023,Fall 2026
Kejun Huynh,Fall 2024,Fall 2026
Kelli Elliott,Intersession/Spring 2023,Fall 2026
Kelly Holt,Intersession/Spring 2023,Winter/Spring 2026
Kelly Hutchison,Fall 2025,Winter/Spring 2026
Kelly Rafter,Intersession/Spring 2023,Winter/Spring 2026
Kelly Self,Intersession/Spring 2023,Fall 2026
Ken Parker,Intersession/Spring 2023,Winter/Spring 2025
Kerri Sabine-Wolf,Intersession/Spring 2023,Fall 2026
Kevan White,Intersession/Spring 2023,Fall 2026
Kevin Brown,Intersession/Spring 2023,Summer 2024
Kevin Griendling,Fall 2026,Fall 2026
Kevin Mofid,Intersession/Spring 2023,Fall 2026
Kevin Myers,Intersession/Spring 2023,Summer 2025
Kevin OHara,Intersession/Spring 2023,Fall 2026
Kevin Scianni,Intersession/Spring 2023,Fall 2026
Kevin Smith,Intersession/Spring 2023,Fall 2026
Khanh Ngo,Intersession/Spring 2024,Fall 2026
Khanh Pham,Winter/Spring 2026,Fall 2026
Khoa Ta,Fall 2023,Winter/Spring 2025
Kim Garrison,Intersession/Spring 2023,Fall 2026
Kim Nguyen,Intersession/Spring 2023,Fall 2026
Kim Tu,Summer 2023,Fall 2026
Kira Kuznetsov,Intersession/Spring 2023,Fall 2026
kiran Kumar,Fall 2023,Intersession/Spring 2024
Kirsten Berg,Intersession/Spring 2023,Fall 2026
Kirsten Donald,Winter/Spring 2025,Fall 2026
Kisha Williamson-Champion,Intersession/Spring 2023,Intersession/Spring 2023
Kourtney Jones,Intersession/Spring 2023,Fall 2026
Krista Apardian,Winter/Spring 2026,Fall 2026
Kristen Venegas,Fall 2026,Fall 2026
Kristine Brooks,Fall 2026,Fall 2026
Kristy Norfolk,Intersession/Spring 2023,Fall 2026
Kyle Caris Alias Reynders,Intersession/Spring 2023,Winter/Spring 2026
Kyle Rivkin,Winter/Spring 2026,Fall 2026
Kyle Slocum,Fall 2025,Fall 2026
Kyle Tanovitz,Fall 2026,Fall 2026
Laird Hayes,Intersession/Spring 2023,Fall 2026
Lane Whitlow,Fall 2026,Fall 2026
Laris Rodriguez Cintron,Intersession/Spring 2023,Fall 2026
Larissa Marantz,Intersession/Spring 2023,Fall 2026
Laura Ashlock,Fall 2026,Fall 2026
Laura Behr,Intersession/Spring 2023,Fall 2026
Laura Bonnell,Intersession/Spring 2023,Fall 2026
Laura Leeper,Intersession/Spring 2023,Fall 2026
Laura Millard,Intersession/Spring 2023,Fall 2026
Laura Reese,Fall 2025,Winter/Spring 2026
Laura Vidal,Intersession/Spring 2023,Fall 2025
Laura Wagner,Intersession/Spring 2023,Fall 2026
Lauren Becker,Intersession/Spring 2023,Summer 2026
Lauren Lopez,Winter/Spring 2025,Winter/Spring 2025
Lauren Quinonez,Fall 2026,Fall 2026
Laurie Barton,Intersession/Spring 2023,Summer 2026
Laurie Campbell,Intersession/Spring 2023,Fall 2026
Lawrence Smith,Intersession/Spring 2023,Intersession/Spring 2023
Lee Gordon,Intersession/Spring 2023,Fall 2026
Leigh Ann Weatherford,Intersession/Spring 2023,Fall 2026
Leila Sayyadi,Fall 2024,Fall 2026
Leland Paxton,Intersession/Spring 2023,Fall 2026
Lesley Surfas,Intersession/Spring 2023,Fall 2026
Leslie Beau,Intersession/Spring 2023,Winter/Spring 2026
Leslie Mccall,Intersession/Spring 2023,Fall 2026
Lia Raileanu,Intersession/Spring 2023,Fall 2025
Liem Tran,Intersession/Spring 2023,Fall 2026
Lien Pham,Intersession/Spring 2023,Intersession/Spring 2024
Linda Bagatourian,Intersession/Spring 2023,Winter/Spring 2025
Linda Salim,Intersession/Spring 2023,Fall 2026
Linda Sohl-Ellison,Intersession/Spring 2023,Fall 2026
Linda Ternes,Intersession/Spring 2023,Fall 2026
Lindsay Asbury,Intersession/Spring 2023,Fall 2026
Lindsay Taeger,Fall 2024,Fall 2026
Linnea Hannigan,Fall 2024,Fall 2026
Lisa Hesse,Intersession/Spring 2023,Fall 2026
Lisa Kiyohara,Intersession/Spring 2023,Fall 2026
Lisa Sciabica,Intersession/Spring 2023,Fall 2026
Lisa Snyder,Intersession/Spring 2023,Fall 2026
Liz Barnett,Intersession/Spring 2023,Intersession/Spring 2024
Ljiljana Novkovic,Fall 2023,Fall 2026
Lora Connor,Intersession/Spring 2023,Fall 2026
Loren Sachs,Intersession/Spring 2023,Fall 2025
Loretta Obstfeld,Intersession/Spring 2023,Fall 2026
Lori Cassidy,Intersession/Spring 2023,Fall 2023
Lori Pullman,Intersession/Spring 2023,Winter/Spring 2025
Lupe Aguirre,Winter/Spring 2025,Winter/Spring 2026
Lynda Tarryk,Fall 2026,Fall 2026
Lyndsey McKinley,Fall 2024,Fall 2025
Lynne Marian,Intersession/Spring 2023,Fall 2026
Macey Lachman,Intersession/Spring 2023,Summer 2025
Macie Day,Winter/Spring 2025,Winter/Spring 2026
Mai-Thi Pham,Intersession/Spring 2023,Fall 2024
Manami Ito,Intersession/Spring 2023,Fall 2026
Mandy Ream,Intersession/Spring 2023,Fall 2026
Manon Bedou,Fall 2026,Fall 2026
Mansour Abdoli,Fall 2023,Fall 2026
Manuela Gardner,Fall 2023,Winter/Spring 2026
Marc Martin,Intersession/Spring 2023,Intersession/Spring 2024
Marci Gomez-Lee,Intersession/Spring 2023,Fall 2026
Marco Ochoa,Intersession/Spring 2023,Fall 2025
Marcus Carreon,Fall 2024,Fall 2024
Marcus Kemmerer,Intersession/Spring 2023,Fall 2026
Mardi Speth,Intersession/Spring 2023,Fall 2026
Marely Cervantes,Intersession/Spring 2023,Fall 2026
Margaret Purnell,Fall 2023,Intersession/Spring 2024
Margarita Rossoni,Fall 2024,Winter/Spring 2025
Maria Allgood,Intersession/Spring 2023,Fall 2026
Maria Do,Intersession/Spring 2023,Intersession/Spring 2024
Maria Lerma,Intersession/Spring 2023,Fall 2026
Mariana Voicu,Intersession/Spring 2023,Fall 2026
Marianne O'Barr,Intersession/Spring 2023,Fall 2026
Marie Anglin,Intersession/Spring 2023,Fall 2026
Marie Hoffman,Fall 2023,Intersession/Spring 2024
Marie Tsaasan,Intersession/Spring 2023,Winter/Spring 2025
Marilyn Kennedy,Intersession/Spring 2023,Fall 2026
Marion Springett,Intersession/Spring 2023,Winter/Spring 2026
Mark Brashear,Intersession/Spring 2023,Intersession/Spring 2023
Mark Gallagher,Fall 2023,Fall 2024
Mark Grooms,Intersession/Spring 2023,Fall 2026
Mark Hamamura,Intersession/Spring 2023,Fall 2026
Mark Herbst,Intersession/Spring 2023,Intersession/Spring 2023
Mark Wishon,Intersession/Spring 2023,Fall 2026
Marko Asic,Fall 2025,Fall 2026
Marru Mikaelian,Intersession/Spring 2023,Winter/Spring 2026
Martha Barhouse,Intersession/Spring 2023,Winter/Spring 2025
Mary Ann Fueger,Intersession/Spring 2023,Fall 2026
Mary Blasius,Intersession/Spring 2023,Fall 2026
Mary Lombard,Fall 2023,Fall 2026
Mary Wolff,Winter/Spring 2026,Winter/Spring 2026
Maryann Watson,Intersession/Spring 2023,Fall 2026
Mathew Ward,Intersession/Spring 2023,Fall 2026
Matt Duckett,Intersession/Spring 2023,Fall 2026
Matt Macarewich,Intersession/Spring 2023,Fall 2026
Matthew Appel,Intersession/Spring 2023,Fall 2026
Matthew Baker,Intersession/Spring 2023,Fall 2026
Matthew Brutlag,Fall 2023,Intersession/Spring 2024
Matthew Davidson,Intersession/Spring 2023,Fall 2024
Matthew Denney,Intersession/Spring 2023,Fall 2026
Matthew Martinez,Intersession/Spring 2023,Fall 2026
Matthew Mayer,Fall 2023,Fall 2026
Matthew Newman,Intersession/Spring 2023,Fall 2026
Maureen Salsitz,Intersession/Spring 2023,Fall 2026
Maximino Pena,Intersession/Spring 2023,Fall 2026
Mayada Alani,Intersession/Spring 2023,Fall 2026
Mayra Frias,Intersession/Spring 2023,Fall 2026
Megan Blash,Intersession/Spring 2023,Fall 2026
Melinda Vandervis,Intersession/Spring 2023,Winter/Spring 2025
Melissa Broox,Intersession/Spring 2023,Fall 2026
Melissa Ferguson,Intersession/Spring 2023,Fall 2026
Melissa Noah,Intersession/Spring 2023,Fall 2026
Melissa Simpson,Intersession/Spring 2023,Intersession/Spring 2024
MELISSA Wheelahan,Intersession/Spring 2023,Intersession/Spring 2023
Meredith Montagne,Intersession/Spring 2023,Fall 2026
Michael Bialecki,Intersession/Spring 2023,Fall 2026
Michael Carlucci,Fall 2023,Fall 2023
Michael Cecconi,Fall 2023,Winter/Spring 2026
MIchael Hanson,Fall 2024,Fall 2026
Michael Lannom,Intersession/Spring 2023,Fall 2026
Michael Mandelkern,Fall 2023,Fall 2023
Michael Smith,Intersession/Spring 2023,Intersession/Spring 2024
Michael Tavildari,Intersession/Spring 2023,Fall 2026
Michael Wilson,Intersession/Spring 2023,Fall 2026
Micheal Huff,Winter/Spring 2025,Fall 2026
Michel Tyabji,Intersession/Spring 2023,Fall 2026
Michele Manarino,Fall 2024,Fall 2026
Michele Mitchell,Intersession/Spring 2023,Fall 2026
Michelle Craner,Intersession/Spring 2023,Fall 2026
Michelle Dinger,Intersession/Spring 2023,Winter/Spring 2026
Michelle Doherty,Intersession/Spring 2023,Fall 2026
Michelle Don Vito,Intersession/Spring 2023,Fall 2026
Michelle Gray Mattoon,Intersession/Spring 2023,Intersession/Spring 2024
Michelle Haley,Intersession/Spring 2023,Fall 2026
Michelle Livote,Fall 2023,Fall 2026
Michelle Rue,Intersession/Spring 2023,Fall 2026
Michelle Tu,Fall 2023,Fall 2026
Mickey Laux,Intersession/Spring 2023,Fall 2026
Miguel Palma Olvera,Winter/Spring 2026,Fall 2026
Mikayla Holzinger,Fall 2023,Fall 2026
Mike Cooper,Winter/Spring 2025,Winter/Spring 2026
Mike Mann,Intersession/Spring 2023,Fall 2026
Mike Monge,Intersession/Spring 2023,Fall 2026
Mike Vanry,Fall 2025,Fall 2026
Miklos Ringbauer,Intersession/Spring 2023,Fall 2025
Milan Suzuki,Fall 2023,Winter/Spring 2025
Miles Kushin,Winter/Spring 2026,Winter/Spring 2026
Mimi Ivey,Intersession/Spring 2023,Fall 2026
Minh Thuoc Nguyen,Fall 2026,Fall 2026
Misha Gravenor,Fall 2026,Fall 2026
Mitch Laughlin,Intersession/Spring 2024,Intersession/Spring 2024
Monroe Isenberg,Intersession/Spring 2023,Fall 2026
Monti Ellison,Intersession/Spring 2023,Fall 2026
Morteza Shakeri Majd,Intersession/Spring 2023,Winter/Spring 2025
Nabawia Elsoudani,Intersession/Spring 2023,Fall 2026
Nadia Smelser,Intersession/Spring 2023,Fall 2026
Nadine Schelbert,Fall 2026,Fall 2026
Nakisa Nowroozi,Winter/Spring 2026,Fall 2026
Nancy Buchanan,Intersession/Spring 2023,Fall 2026
Naoko Maekawa,Intersession/Spring 2023,Fall 2026
Natalie Darakjian,Fall 2026,Fall 2026
Natalie Ramp,Fall 2026,Fall 2026
Natalie Salagean,Intersession/Spring 2023,Fall 2026
Natasha Shoro,Intersession/Spring 2023,Fall 2026
Nate Cazier,Intersession/Spring 2023,Winter/Spring 2026
Nathan Johnson,Intersession/Spring 2023,Fall 2026
Neil Godfrey,Intersession/Spring 2023,Intersession/Spring 2023
Nguyet Thomas,Fall 2023,Fall 2026
Nichole Barta,Intersession/Spring 2024,Fall 2024
Nicolas Lutfi,Fall 2025,Fall 2025
Nicolina Deschamps,Fall 2025,Fall 2026
Nina Barrios,Intersession/Spring 2023,Summer 2023
Nirali Thakkar,Intersession/Spring 2023,Winter/Spring 2026
Noah Thomas,Intersession/Spring 2023,Fall 2026
Noelle Snavely,Fall 2023,Fall 2026
Nousha Emami,Winter/Spring 2026,Fall 2026
Novel Castillo,Fall 2024,Fall 2026
Nujoud Alattar,Fall 2024,Fall 2026
Nunzio Lazzara,Intersession/Spring 2023,Fall 2026
Oscar Aparicio,Intersession/Spring 2023,Fall 2026
Oscar Ortiz,Intersession/Spring 2023,Fall 2026
Paco Brito Nunez,Intersession/Spring 2023,Fall 2026
Paloma Duran,Intersession/Spring 2023,Summer 2026
Pamela Gressier,Intersession/Spring 2023,Fall 2026
Pamela Moniz,Fall 2023,Summer 2026
Pamela Ratzlaff,Fall 2025,Fall 2026
Paras Nanavati,Intersession/Spring 2023,Winter/Spring 2025
Parnian Barvarz,Intersession/Spring 2023,Fall 2026
Parvin Ramedani,Fall 2023,Fall 2026
Patricia Secor,Intersession/Spring 2023,Winter/Spring 2026
Patrick Arbor,Fall 2023,Winter/Spring 2026
Patrick Coaty,Intersession/Spring 2023,Fall 2026
Patrick Mcburnie-Nicolay,Fall 2026,Fall 2026
Patrick Nerad,Intersession/Spring 2023,Winter/Spring 2025
Paul Burns,Fall 2025,Fall 2026
Paul Navidad,Intersession/Spring 2023,Fall 2026
Paul Yi,Intersession/Spring 2023,Fall 2026
Peter Mitchell,Intersession/Spring 2023,Fall 2026
Peter Uribe,Intersession/Spring 2023,Fall 2026
Philip Panaitescu-Neata,Intersession/Spring 2023,Fall 2023
Philip Simpkin,Intersession/Spring 2023,Fall 2026
Phoebe Chung,Intersession/Spring 2023,Fall 2026
Phoebe Mai,Fall 2025,Fall 2026
Phyllis Gitlin,Intersession/Spring 2023,Fall 2023
Prasad Vinjamury,Intersession/Spring 2023,Fall 2026
Pratanu Ghosh,Intersession/Spring 2023,Winter/Spring 2026
Rachel Berman,Intersession/Spring 2023,Fall 2026
Rachel Ridnor,Intersession/Spring 2023,Fall 2026
Rachelle Kiklowicz,Intersession/Spring 2023,Intersession/Spring 2024
Raenie Kane,Fall 2023,Fall 2026
Ramon Melendez Sierra,Fall 2023,Fall 2026
Rana najjar Najjar,Intersession/Spring 2023,Fall 2026
Randal Pile,Intersession/Spring 2023,Fall 2026
Raul Sanchez,Fall 2026,Fall 2026
Raymond Obstfeld,Intersession/Spring 2023,Fall 2026
Raymond Ranada,Fall 2026,Fall 2026
Raymond Seidel,Intersession/Spring 2023,Fall 2023
Rebecca Erbstoesser,Intersession/Spring 2023,Fall 2026
Rebecca Sims,Intersession/Spring 2023,Winter/Spring 2026
Rebecca Spohr,Intersession/Spring 2023,Fall 2024
Rebecca Waldron,Winter/Spring 2025,Fall 2026
Rebecca Wong Burdett,Intersession/Spring 2023,Fall 2026
Rebel Saint Lilith,Summer 2023,Summer 2025
Rena Quinonez,Intersession/Spring 2023,Fall 2026
Renata Cioczek-Georges,Fall 2023,Fall 2026
Rendell Drew,Intersession/Spring 2023,Fall 2026
Renee De Long,Intersession/Spring 2023,Intersession/Spring 2023
Renee Kubiak,Intersession/Spring 2023,Intersession/Spring 2024
Ricardo Etheridge,Summer 2026,Fall 2026
Ricardo Soto,Intersession/Spring 2023,Summer 2026
Ricardo Valencia Pineda,Fall 2023,Fall 2025
Rich Estes,Intersession/Spring 2023,Fall 2026
Richard Kraft,Intersession/Spring 2023,Winter/Spring 2026
Richard Martin,Fall 2023,Fall 2026
Richard Mayfield,Intersession/Spring 2023,Intersession/Spring 2023
Richard Rozak,Intersession/Spring 2023,Fall 2026
Richard Vulich,Intersession/Spring 2023,Fall 2026
Richie Cariaso,Fall 2025,Fall 2026
Rick Golson,Intersession/Spring 2023,Fall 2026
Rick Harlow,Intersession/Spring 2023,Fall 2026
Rick Peyatt,Intersession/Spring 2023,Fall 2026
Riley McDougall,Winter/Spring 2026,Fall 2026
Robert Ellis,Intersession/Spring 2023,Fall 2026
Robert Gibson,Intersession/Spring 2024,Fall 2026
Robert Lee,Intersession/Spring 2023,Summer 2026
Robert Moore,Intersession/Spring 2023,Fall 2026
Robert Muir,Intersession/Spring 2023,Fall 2026
Robert Schneiderman,Fall 2024,Fall 2024
Robert T Chan,Intersession/Spring 2023,Fall 2026
Robin Lee,Intersession/Spring 2023,Intersession/Spring 2024
Rochelle Mapes,Fall 2023,Fall 2025
Rochelle Santacruz,Fall 2023,Fall 2023
Rod Hurt,Intersession/Spring 2023,Fall 2026
Rodney Foster,Intersession/Spring 2023,Fall 2026
Roger Whitridge,Intersession/Spring 2023,Intersession/Spring 2024
Ron Franz,Intersession/Spring 2023,Fall 2026
Ron Mealey,Intersession/Spring 2023,Fall 2026
Ron Michelotti,Intersession/Spring 2023,Fall 2026
Ronald Culver,Summer 2024,Summer 2025
Rosa Garcia,Intersession/Spring 2023,Fall 2026
Rose Anne Kings,Intersession/Spring 2023,Intersession/Spring 2023
Ruby Flores,Intersession/Spring 2023,Fall 2026
Ryan Miller,Winter/Spring 2025,Winter/Spring 2025
Sahar Ghanem,Intersession/Spring 2023,Intersession/Spring 2023
Saif Alsaegh,Intersession/Spring 2023,Fall 2026
Sally Ahad,Intersession/Spring 2023,Intersession/Spring 2023
Sam Yip,Intersession/Spring 2023,Fall 2026
Samantha Thek,Fall 2024,Fall 2026
Samantha Villa,Intersession/Spring 2023,Fall 2025
Sammy Doucette,Intersession/Spring 2023,Fall 2025
Samual Raleigh,Intersession/Spring 2023,Fall 2026
Sara Kheradvar,Fall 2025,Winter/Spring 2026
Sara Martinez,Summer 2026,Fall 2026
Sara Qubbaj,Intersession/Spring 2023,Fall 2026
Sara Rokni,Intersession/Spring 2023,Winter/Spring 2026
Sarah Dhillon,Intersession/Spring 2023,Fall 2026
Sarah Gray,Intersession/Spring 2023,Fall 2026
Sarah Nunes,Winter/Spring 2026,Winter/Spring 2026
Sarah Sabet,Winter/Spring 2026,Fall 2026
Sarah Stanley,Winter/Spring 2026,Fall 2026
Sarah Wood,Intersession/Spring 2024,Winter/Spring 2026
Sarah Zakraoui,Fall 2024,Fall 2026
Sasha Safarzadeh,Intersession/Spring 2023,Winter/Spring 2026
Sazeda Sultana,Intersession/Spring 2023,Intersession/Spring 2023
Scott Bern,Fall 2023,Fall 2026
Scott Farner,Intersession/Spring 2023,Fall 2026
Scott Northrup,Intersession/Spring 2023,Fall 2026
Sean Click,Intersession/Spring 2023,Fall 2026
Sean Collins,Intersession/Spring 2023,Fall 2026
Sean Connor,Intersession/Spring 2023,Fall 2026
Sean Cook,Intersession/Spring 2023,Fall 2026
Sean Goodwin,Fall 2025,Fall 2026
Sergio Morales,Winter/Spring 2025,Winter/Spring 2026
Sergio Rebia,Fall 2024,Winter/Spring 2025
Shana Menaker,Intersession/Spring 2023,Fall 2026
shane Geil,Intersession/Spring 2023,Fall 2026
Shannon Keany,Intersession/Spring 2023,Fall 2025
Sharon Little,Fall 2023,Fall 2025
Shauhin Davari,Intersession/Spring 2023,Fall 2026
Shauna Johnson,Intersession/Spring 2023,Fall 2025
Shawn Boeker,Fall 2026,Fall 2026
Shelby Perlis,Fall 2023,Fall 2023
Sherana Polk,Intersession/Spring 2023,Fall 2026
Sherilyn Miller,Intersession/Spring 2023,Winter/Spring 2026
Shirley Gonzales,Intersession/Spring 2023,Fall 2026
Shizah Ahmad,Fall 2026,Fall 2026
Sibley Sabori,Intersession/Spring 2023,Fall 2026
Sierra Moussatche,Intersession/Spring 2023,Fall 2026
Sif Goodale,Intersession/Spring 2023,Fall 2026
Sigfried Abuel,Fall 2024,Fall 2024
Skip Hicks,Intersession/Spring 2023,Fall 2025
Sonia Avetisian,Intersession/Spring 2023,Fall 2026
Stacy Fireheart,Fall 2023,Fall 2024
Stacy Kirch,Intersession/Spring 2023,Fall 2026
Stacy Kiser,Intersession/Spring 2023,Fall 2026
Stanley Harriman,Intersession/Spring 2023,Fall 2026
Stanley Murashige,Intersession/Spring 2023,Fall 2026
Stella Berkebile,Winter/Spring 2026,Fall 2026
Stephan Brown,Intersession/Spring 2023,Intersession/Spring 2024
Stephanie Djang,Fall 2023,Fall 2023
Stephanie Hodge,Fall 2023,Fall 2026
Stephanie Lemus,Intersession/Spring 2024,Fall 2026
Stephanie Melchor,Fall 2024,Fall 2026
Stephen Anderson,Fall 2023,Winter/Spring 2026
Stephen Drum,Intersession/Spring 2023,Fall 2026
Stephen Gilbert,Intersession/Spring 2023,Winter/Spring 2026
Stephen Ranson,Fall 2025,Fall 2025
Stephen Schulz,Intersession/Spring 2023,Fall 2026
Stephen Valley,Intersession/Spring 2023,Fall 2026
Sterling Wilson,Intersession/Spring 2023,Winter/Spring 2025
Steve Fuchs,Intersession/Spring 2023,Summer 2026
Steve Jones,Fall 2023,Fall 2025
Steve Lee,Intersession/Spring 2023,Summer 2026
Steve Merrick,Winter/Spring 2025,Fall 2026
Steve Roy,Summer 2024,Fall 2026
Steven Cox,Intersession/Spring 2023,Fall 2026
Steven Garcia,Fall 2023,Fall 2026
Steven Morris,Fall 2025,Fall 2025
Steven Nesbitt,Intersession/Spring 2023,Intersession/Spring 2024
Steven Spencer,Intersession/Spring 2023,Fall 2026
Sukena Taibjee,Intersession/Spring 2024,Fall 2026
Sunny Le,Summer 2023,Fall 2026
Susan Ali,Intersession/Spring 2023,Summer 2026
Susan Gil,Fall 2025,Winter/Spring 2026
Susan Nguyen,Intersession/Spring 2023,Fall 2026
Susie Packard,Summer 2026,Fall 2026
Sydney Sprinkle,Winter/Spring 2026,Winter/Spring 2026
Syed Hussain,Intersession/Spring 2023,Fall 2026
Tab Livingston,Intersession/Spring 2024,Fall 2024
Tabitha Liang,Intersession/Spring 2023,Fall 2026
Takahito Tanaka,Intersession/Spring 2023,Summer 2023
Tanith Quintanilla,Fall 2023,Fall 2024
Tara Blackburn,Intersession/Spring 2023,Fall 2025
Tatiana Houser,Fall 2025,Fall 2026
Tatyana Shirman,Intersession/Spring 2023,Fall 2026
Taylor Kennedy,Fall 2025,Fall 2026
Teresa De Jong-Pombo,Intersession/Spring 2023,Fall 2026
Teresa Landeros,Fall 2026,Fall 2026
Teruo Masuda,Intersession/Spring 2024,Fall 2026
Teva Crowley,Fall 2023,Fall 2026
Thanh Hoang,Intersession/Spring 2023,Fall 2026
Theresa Duong,Intersession/Spring 2023,Fall 2023
Theresa McIntire,Intersession/Spring 2023,Intersession/Spring 2024
Theresa Pham,Fall 2023,Winter/Spring 2026
THINH Sam,Intersession/Spring 2023,Fall 2026
Thomas Colclough,Winter/Spring 2026,Fall 2026
Thomas Krucli,Intersession/Spring 2023,Fall 2026
Thomas Mucciaro,Intersession/Spring 2023,Fall 2026
Thomas Norris,Intersession/Spring 2023,Fall 2026
Thomas Selzer,Intersession/Spring 2023,Intersession/Spring 2023
Thomas Shimanek,Intersession/Spring 2023,Fall 2026
Thomas Sutfin,Intersession/Spring 2023,Fall 2026
Thomas Tran,Intersession/Spring 2023,Fall 2026
Tierney Loveland-Grace,Fall 2025,Fall 2026
Tiffany Hudson,Intersession/Spring 2023,Intersession/Spring 2023
Tiffany Huynh,Fall 2024,Fall 2026
Tim Gibbs,Intersession/Spring 2023,Winter/Spring 2025
Timothy Choi,Fall 2023,Fall 2026
Timothy Cooley,Intersession/Spring 2023,Fall 2026
Timothy Mount,Fall 2024,Fall 2026
Timothy Peters,Intersession/Spring 2023,Fall 2026
Tina DeShano,Intersession/Spring 2023,Fall 2026
Tk Gorgonia,Intersession/Spring 2024,Winter/Spring 2025
Toby Townsend,Intersession/Spring 2023,Intersession/Spring 2023
Tom Bruno,Intersession/Spring 2023,Winter/Spring 2025
Tomoko Larsen,Intersession/Spring 2023,Fall 2024
Tomoko Lin,Winter/Spring 2026,Winter/Spring 2026
Tony Benjamin,Fall 2026,Fall 2026
Tony Dodero,Fall 2026,Fall 2026
Tony Stevenson,Fall 2026,Fall 2026
Tracy Foreman,Intersession/Spring 2023,Fall 2024
Travis Sims,Fall 2026,Fall 2026
Travis Turner,Intersession/Spring 2023,Fall 2026
Tremonisha Putros,Intersession/Spring 2023,Summer 2026
Trevor Ridley,Fall 2023,Fall 2026
Tricia Buckles,Intersession/Spring 2023,Intersession/Spring 2024
Trinity Gabato,Fall 2026,Fall 2026
Trish Stiger,Intersession/Spring 2024,Winter/Spring 2025
Troy Johnson,Intersession/Spring 2023,Summer 2024
Trustin Adams,Intersession/Spring 2024,Winter/Spring 2026
Twin Fernandes,Intersession/Spring 2023,Summer 2025
Ty Frantz,Intersession/Spring 2024,Fall 2026
Tyler Boogar,Intersession/Spring 2023,Fall 2026
Tyler Smith,Intersession/Spring 2024,Intersession/Spring 2024
Ulrike Green,Intersession/Spring 2023,Fall 2026
Valerie Rodriquez,Intersession/Spring 2023,Fall 2026
Velvet Park,Intersession/Spring 2023,Intersession/Spring 2023
Vera Figueira,Intersession/Spring 2023,Fall 2026
Verna Leahy,Intersession/Spring 2023,Fall 2026
Veronica Sanchez,Fall 2025,Fall 2025
Vesna Kuo,Intersession/Spring 2023,Fall 2026
Vick Garcia,Fall 2025,Fall 2026
Vince Mesa,Intersession/Spring 2023,Fall 2026
Virginia Komenda,Intersession/Spring 2023,Fall 2026
Virginia Nuzzolese-Laflamme,Fall 2023,Intersession/Spring 2024
Vu Phan,Intersession/Spring 2023,Fall 2026
Wade Federer,Fall 2025,Fall 2026
Wayne Cottrell,Intersession/Spring 2023,Fall 2024
Wendy Berube,Winter/Spring 2025,Fall 2026
Wes Warner,Intersession/Spring 2023,Fall 2026
Will Hare,Intersession/Spring 2023,Fall 2026
Will Petway,Fall 2026,Fall 2026
William Barber,Intersession/Spring 2023,Intersession/Spring 2023
William Hall,Intersession/Spring 2023,Winter/Spring 2025
William Maxton,Fall 2026,Fall 2026
William Pugliese,Intersession/Spring 2023,Fall 2026
William Ziemer,Intersession/Spring 2023,Intersession/Spring 2024
Wyn Moreno,Intersession/Spring 2023,Winter/Spring 2026
Yilin Wang,Intersession/Spring 2023,Fall 2026
Yo Seol,Fall 2025,Fall 2026
Yusuf Adanur,Intersession/Spring 2023,Fall 2026
Yvette Nguyen,Intersession/Spring 2023,Fall 2026
Zach Groenewold,Intersession/Spring 2023,Fall 2026
Zara Feeney,Intersession/Spring 2023,Intersession/Spring 2023
